{
	"parent": "block/soul_lantern",
	"display": {
		"thirdperson_righthand": {
			"rotation": [ 190, 0, 187 ],
			"translation": [ 0, -3, -1 ],
			"scale": [ 0.7, 0.7, 0.7 ]
		},
		"thirdperson_lefthand": {
			"rotation": [ 190, 0, 187 ],
			"translation": [ 0, -3, -1 ],
			"scale": [ 0.7, 0.7, 0.7 ]
		},
		"firstperson_righthand": {
		"translation": [ -1, 5, 1 ],
		"scale": [ 0.7, 0.7, 0.7 ]
		},
		"firstperson_lefthand": {
		"translation": [ -1, 5, 1 ],
		"scale": [ 0.7, 0.7, 0.7 ]
		},
		"gui": {
		"rotation": [ 0, 45, 0 ],
		"translation": [ 0, 2.1, 0 ]
		},
		"head": {
			"translation": [ 0, 16, 0 ],
			"scale": [ 1.2, 1.2, 1.2 ]
		},
		"fixed": {
			"translation": [ 0, 2.5, -1 ]
		}
	}
}